{"cameraMode":{"drawMode":0,"name":"Shaded","section":"Shading Mode"},"sceneLighting":true,"audioPlay":false,"sceneViewState":{"m_AlwaysRefresh":false,"showFog":true,"showSkybox":true,"showFlares":true,"showImageEffects":true,"showParticleSystems":true,"showVisualEffectGraphs":true,"m_FxEnabled":true},"in2DMode":false,"pivot":{"x":8.259593963623047,"y":29.209125518798829,"z":0.8202632665634155},"rotation":{"x":0.04304831475019455,"y":0.6945354342460632,"z":0.041745565831661227,"w":-0.7169986367225647},"size":8.032370567321778,"orthographic":false}