{"cameraMode":{"drawMode":0,"name":"Shaded","section":"Shading Mode"},"sceneLighting":true,"audioPlay":false,"sceneViewState":{"m_AlwaysRefresh":false,"showFog":true,"showSkybox":true,"showFlares":true,"showImageEffects":true,"showParticleSystems":true,"showVisualEffectGraphs":true,"m_FxEnabled":true},"in2DMode":false,"pivot":{"x":3.5936830043792726,"y":27.466670989990236,"z":5.689736366271973},"rotation":{"x":0.00025012597325257957,"y":-0.997704029083252,"z":0.06804973632097244,"w":0.003281619632616639},"size":17.046512603759767,"orthographic":false}