{"cameraMode":{"drawMode":0,"name":"Shaded","section":"Shading Mode"},"sceneLighting":true,"audioPlay":false,"sceneViewState":{"m_AlwaysRefresh":false,"showFog":true,"showSkybox":true,"showFlares":true,"showImageEffects":true,"showParticleSystems":true,"showVisualEffectGraphs":true,"m_FxEnabled":true},"in2DMode":false,"pivot":{"x":-4.35365629196167,"y":25.398208618164064,"z":1.4069900512695313},"rotation":{"x":-0.00029778352472931147,"y":0.8698024749755859,"z":-0.493406742811203,"w":-0.0005232513649389148},"size":20.87640953063965,"orthographic":false}