{"cameraMode":{"drawMode":0,"name":"Shaded","section":"Shading Mode"},"sceneLighting":true,"audioPlay":false,"sceneViewState":{"m_AlwaysRefresh":false,"showFog":true,"showSkybox":true,"showFlares":true,"showImageEffects":true,"showParticleSystems":true,"showVisualEffectGraphs":true,"m_FxEnabled":true},"in2DMode":false,"pivot":{"x":23.148113250732423,"y":-10.584325790405274,"z":-1.8802531957626343},"rotation":{"x":-0.16320650279521943,"y":-0.6871628761291504,"z":0.16280236840248109,"w":-0.6890466213226318},"size":27.86345672607422,"orthographic":false}