{"cameraMode":{"drawMode":0,"name":"Shaded","section":"Shading Mode"},"sceneLighting":true,"audioPlay":false,"sceneViewState":{"m_AlwaysRefresh":false,"showFog":true,"showSkybox":true,"showFlares":true,"showImageEffects":true,"showParticleSystems":true,"showVisualEffectGraphs":true,"m_FxEnabled":true},"in2DMode":false,"pivot":{"x":528.4047241210938,"y":66.00614166259766,"z":44.25746536254883},"rotation":{"x":0.03566812723875046,"y":0.029074544087052347,"z":0.001037407899275422,"w":-0.9989446997642517},"size":406.4981384277344,"orthographic":false}