{"cameraMode":{"drawMode":0,"name":"Shaded","section":"Shading Mode"},"sceneLighting":true,"audioPlay":false,"sceneViewState":{"m_AlwaysRefresh":false,"showFog":true,"showSkybox":true,"showFlares":true,"showImageEffects":true,"showParticleSystems":true,"showVisualEffectGraphs":true,"m_FxEnabled":true},"in2DMode":false,"pivot":{"x":0.9022660255432129,"y":8.210412979125977,"z":-20.16309356689453},"rotation":{"x":-0.007785068359225988,"y":-0.08448812365531922,"z":0.0006236890330910683,"w":-0.9964125752449036},"size":1.138300895690918,"orthographic":false}